{"age":60.5368761062,"anaemia":0.4734513274,"creatinine_phosphokinase":336.9419642857,"diabetes":0.4159292035,"ejection_fraction":38.1785714286,"high_blood_pressure":0.3761061947,"platelets":255813.2857079647,"serum_creatinine":1.1238938053,"serum_sodium":137.0707964602,"sex":0.6371681416,"smoking":0.3185840708,"time":131.5132743363}