{"age":60.6725955556,"anaemia":0.4711111111,"creatinine_phosphokinase":336.9419642857,"diabetes":0.4177777778,"ejection_fraction":38.1785714286,"high_blood_pressure":0.3777777778,"platelets":255839.1225333334,"serum_creatinine":1.1262222222,"serum_sodium":137.0577777778,"sex":0.64,"smoking":0.32,"time":132.08}